Workbook

Sheet Start here
A1: FollowThrough: lead tracker
A3: Leads: one row per business you might email. The plan, the emails and the rules are in docs/14-first-clients.md.
A4: When you add a lead: business, names, email, trade, city, website, source. Status = To check.
A5: After checking it: when it opened (roughly) and how you know, Google profile, reviews, one first-line finding, version (A or B). Status = Ready to email.
A6: When you send: the date in 'Email 1 sent'. The follow-up due dates fill in by themselves and turn yellow on the day they're due.
A7: When they reply: the date and what they said. A reply stops the follow-ups. 'Unsubscribe' or 'No' means Status = Do not contact / Not interested.
A8: Then the dates you sent the playbook or the check, the offer you made, and what they bought, when and for how much.
A10: Weekly numbers: counts worked out from the Leads tab, one row per week, plus the year-end goals and which first email works better. Don't type in it.
A12: Dates: type them as 2026-11-03. Dropdown cells show a small arrow when you click them.
A13: Real people's details stay in Google Sheets and never go into the project.

Sheet Leads
A1: Business | B1: First name | C1: Last name | D1: Email | E1: Trade | F1: City, state | G1: Website | H1: Source | I1: Opened (about) | J1: How I know | K1: Google profile | L1: Reviews | M1: First-line finding | N1: Version | O1: Status | P1: Email 1 sent | Q1: Follow-up 1 due | R1: Follow-up 1 sent | S1: Follow-up 2 due | T1: Follow-up 2 sent | U1: Replied on | V1: Reply | W1: Playbook sent | X1: Check sent | Y1: Offer made | Z1: Offer | AA1: Bought | AB1: Paid on | AC1: Amount ($) | AD1: Notes
Q2: =IF(OR(P2="",U2<>"",R2<>""),"",P2+4) | S2: =IF(OR(R2="",U2<>"",T2<>""),"",R2+6)
Q3: =IF(OR(P3="",U3<>"",R3<>""),"",P3+4) | S3: =IF(OR(R3="",U3<>"",T3<>""),"",R3+6)
Q4: =IF(OR(P4="",U4<>"",R4<>""),"",P4+4) | S4: =IF(OR(R4="",U4<>"",T4<>""),"",R4+6)
Q5: =IF(OR(P5="",U5<>"",R5<>""),"",P5+4) | S5: =IF(OR(R5="",U5<>"",T5<>""),"",R5+6)
Q6: =IF(OR(P6="",U6<>"",R6<>""),"",P6+4) | S6: =IF(OR(R6="",U6<>"",T6<>""),"",R6+6)
Q7: =IF(OR(P7="",U7<>"",R7<>""),"",P7+4) | S7: =IF(OR(R7="",U7<>"",T7<>""),"",R7+6)
Q8: =IF(OR(P8="",U8<>"",R8<>""),"",P8+4) | S8: =IF(OR(R8="",U8<>"",T8<>""),"",R8+6)
Q9: =IF(OR(P9="",U9<>"",R9<>""),"",P9+4) | S9: =IF(OR(R9="",U9<>"",T9<>""),"",R9+6)
Q10: =IF(OR(P10="",U10<>"",R10<>""),"",P10+4) | S10: =IF(OR(R10="",U10<>"",T10<>""),"",R10+6)
Q11: =IF(OR(P11="",U11<>"",R11<>""),"",P11+4) | S11: =IF(OR(R11="",U11<>"",T11<>""),"",R11+6)
Q12: =IF(OR(P12="",U12<>"",R12<>""),"",P12+4) | S12: =IF(OR(R12="",U12<>"",T12<>""),"",R12+6)
Q13: =IF(OR(P13="",U13<>"",R13<>""),"",P13+4) | S13: =IF(OR(R13="",U13<>"",T13<>""),"",R13+6)
... Q1000: =IF(OR(P1000="",U1000<>"",R1000<>""),"",P1000+4) | S1000: =IF(OR(R1000="",U1000<>"",T1000<>""),"",R1000+6)

Sheet Weekly numbers
A1: Week starting (Monday) | B1: New emails sent | C1: Replies | D1: Interested | E1: Playbooks sent | F1: Checks sent | G1: Offers made | H1: New customers | I1: Money in ($) | J1: Unsubscribed or bounced
A2: 46328 | B2: =COUNTIFS(Leads!$P$2:$P$1000,">="&$A2,Leads!$P$2:$P$1000,"<"&$A2+7) | C2: =COUNTIFS(Leads!$U$2:$U$1000,">="&$A2,Leads!$U$2:$U$1000,"<"&$A2+7) | D2: =COUNTIFS(Leads!$U$2:$U$1000,">="&$A2,Leads!$U$2:$U$1000,"<"&$A2+7,Leads!$V$2:$V$1000,"Interested") | E2: =COUNTIFS(Leads!$W$2:$W$1000,">="&$A2,Leads!$W$2:$W$1000,"<"&$A2+7) | F2: =COUNTIFS(Leads!$X$2:$X$1000,">="&$A2,Leads!$X$2:$X$1000,"<"&$A2+7) | G2: =COUNTIFS(Leads!$Y$2:$Y$1000,">="&$A2,Leads!$Y$2:$Y$1000,"<"&$A2+7) | H2: =COUNTIFS(Leads!$AB$2:$AB$1000,">="&$A2,Leads!$AB$2:$AB$1000,"<"&$A2+7) | I2: =SUMIFS(Leads!$AC$2:$AC$1000,Leads!$AB$2:$AB$1000,">="&$A2,Leads!$AB$2:$AB$1000,"<"&$A2+7) | J2: =COUNTIFS(Leads!$U$2:$U$1000,">="&$A2,Leads!$U$2:$U$1000,"<"&$A2+7,Leads!$V$2:$V$1000,"Unsubscribe")+COUNTIFS(Leads!$U$2:$U$1000,">="&$A2,Leads!$U$2:$U$1000,"<"&$A2+7,Leads!$V$2:$V$1000,"Bounced")
A3: 46335 | B3: =COUNTIFS(Leads!$P$2:$P$1000,">="&$A3,Leads!$P$2:$P$1000,"<"&$A3+7) | C3: =COUNTIFS(Leads!$U$2:$U$1000,">="&$A3,Leads!$U$2:$U$1000,"<"&$A3+7) | D3: =COUNTIFS(Leads!$U$2:$U$1000,">="&$A3,Leads!$U$2:$U$1000,"<"&$A3+7,Leads!$V$2:$V$1000,"Interested") | E3: =COUNTIFS(Leads!$W$2:$W$1000,">="&$A3,Leads!$W$2:$W$1000,"<"&$A3+7) | F3: =COUNTIFS(Leads!$X$2:$X$1000,">="&$A3,Leads!$X$2:$X$1000,"<"&$A3+7) | G3: =COUNTIFS(Leads!$Y$2:$Y$1000,">="&$A3,Leads!$Y$2:$Y$1000,"<"&$A3+7) | H3: =COUNTIFS(Leads!$AB$2:$AB$1000,">="&$A3,Leads!$AB$2:$AB$1000,"<"&$A3+7) | I3: =SUMIFS(Leads!$AC$2:$AC$1000,Leads!$AB$2:$AB$1000,">="&$A3,Leads!$AB$2:$AB$1000,"<"&$A3+7) | J3: =COUNTIFS(Leads!$U$2:$U$1000,">="&$A3,Leads!$U$2:$U$1000,"<"&$A3+7,Leads!$V$2:$V$1000,"Unsubscribe")+COUNTIFS(Leads!$U$2:$U$1000,">="&$A3,Leads!$U$2:$U$1000,"<"&$A3+7,Leads!$V$2:$V$1000,"Bounced")
A4: 46342 | B4: =COUNTIFS(Leads!$P$2:$P$1000,">="&$A4,Leads!$P$2:$P$1000,"<"&$A4+7) | C4: =COUNTIFS(Leads!$U$2:$U$1000,">="&$A4,Leads!$U$2:$U$1000,"<"&$A4+7) | D4: =COUNTIFS(Leads!$U$2:$U$1000,">="&$A4,Leads!$U$2:$U$1000,"<"&$A4+7,Leads!$V$2:$V$1000,"Interested") | E4: =COUNTIFS(Leads!$W$2:$W$1000,">="&$A4,Leads!$W$2:$W$1000,"<"&$A4+7) | F4: =COUNTIFS(Leads!$X$2:$X$1000,">="&$A4,Leads!$X$2:$X$1000,"<"&$A4+7) | G4: =COUNTIFS(Leads!$Y$2:$Y$1000,">="&$A4,Leads!$Y$2:$Y$1000,"<"&$A4+7) | H4: =COUNTIFS(Leads!$AB$2:$AB$1000,">="&$A4,Leads!$AB$2:$AB$1000,"<"&$A4+7) | I4: =SUMIFS(Leads!$AC$2:$AC$1000,Leads!$AB$2:$AB$1000,">="&$A4,Leads!$AB$2:$AB$1000,"<"&$A4+7) | J4: =COUNTIFS(Leads!$U$2:$U$1000,">="&$A4,Leads!$U$2:$U$1000,"<"&$A4+7,Leads!$V$2:$V$1000,"Unsubscribe")+COUNTIFS(Leads!$U$2:$U$1000,">="&$A4,Leads!$U$2:$U$1000,"<"&$A4+7,Leads!$V$2:$V$1000,"Bounced")
A5: 46349 | B5: =COUNTIFS(Leads!$P$2:$P$1000,">="&$A5,Leads!$P$2:$P$1000,"<"&$A5+7) | C5: =COUNTIFS(Leads!$U$2:$U$1000,">="&$A5,Leads!$U$2:$U$1000,"<"&$A5+7) | D5: =COUNTIFS(Leads!$U$2:$U$1000,">="&$A5,Leads!$U$2:$U$1000,"<"&$A5+7,Leads!$V$2:$V$1000,"Interested") | E5: =COUNTIFS(Leads!$W$2:$W$1000,">="&$A5,Leads!$W$2:$W$1000,"<"&$A5+7) | F5: =COUNTIFS(Leads!$X$2:$X$1000,">="&$A5,Leads!$X$2:$X$1000,"<"&$A5+7) | G5: =COUNTIFS(Leads!$Y$2:$Y$1000,">="&$A5,Leads!$Y$2:$Y$1000,"<"&$A5+7) | H5: =COUNTIFS(Leads!$AB$2:$AB$1000,">="&$A5,Leads!$AB$2:$AB$1000,"<"&$A5+7) | I5: =SUMIFS(Leads!$AC$2:$AC$1000,Leads!$AB$2:$AB$1000,">="&$A5,Leads!$AB$2:$AB$1000,"<"&$A5+7) | J5: =COUNTIFS(Leads!$U$2:$U$1000,">="&$A5,Leads!$U$2:$U$1000,"<"&$A5+7,Leads!$V$2:$V$1000,"Unsubscribe")+COUNTIFS(Leads!$U$2:$U$1000,">="&$A5,Leads!$U$2:$U$1000,"<"&$A5+7,Leads!$V$2:$V$1000,"Bounced")
A6: 46356 | B6: =COUNTIFS(Leads!$P$2:$P$1000,">="&$A6,Leads!$P$2:$P$1000,"<"&$A6+7) | C6: =COUNTIFS(Leads!$U$2:$U$1000,">="&$A6,Leads!$U$2:$U$1000,"<"&$A6+7) | D6: =COUNTIFS(Leads!$U$2:$U$1000,">="&$A6,Leads!$U$2:$U$1000,"<"&$A6+7,Leads!$V$2:$V$1000,"Interested") | E6: =COUNTIFS(Leads!$W$2:$W$1000,">="&$A6,Leads!$W$2:$W$1000,"<"&$A6+7) | F6: =COUNTIFS(Leads!$X$2:$X$1000,">="&$A6,Leads!$X$2:$X$1000,"<"&$A6+7) | G6: =COUNTIFS(Leads!$Y$2:$Y$1000,">="&$A6,Leads!$Y$2:$Y$1000,"<"&$A6+7) | H6: =COUNTIFS(Leads!$AB$2:$AB$1000,">="&$A6,Leads!$AB$2:$AB$1000,"<"&$A6+7) | I6: =SUMIFS(Leads!$AC$2:$AC$1000,Leads!$AB$2:$AB$1000,">="&$A6,Leads!$AB$2:$AB$1000,"<"&$A6+7) | J6: =COUNTIFS(Leads!$U$2:$U$1000,">="&$A6,Leads!$U$2:$U$1000,"<"&$A6+7,Leads!$V$2:$V$1000,"Unsubscribe")+COUNTIFS(Leads!$U$2:$U$1000,">="&$A6,Leads!$U$2:$U$1000,"<"&$A6+7,Leads!$V$2:$V$1000,"Bounced")
A7: 46363 | B7: =COUNTIFS(Leads!$P$2:$P$1000,">="&$A7,Leads!$P$2:$P$1000,"<"&$A7+7) | C7: =COUNTIFS(Leads!$U$2:$U$1000,">="&$A7,Leads!$U$2:$U$1000,"<"&$A7+7) | D7: =COUNTIFS(Leads!$U$2:$U$1000,">="&$A7,Leads!$U$2:$U$1000,"<"&$A7+7,Leads!$V$2:$V$1000,"Interested") | E7: =COUNTIFS(Leads!$W$2:$W$1000,">="&$A7,Leads!$W$2:$W$1000,"<"&$A7+7) | F7: =COUNTIFS(Leads!$X$2:$X$1000,">="&$A7,Leads!$X$2:$X$1000,"<"&$A7+7) | G7: =COUNTIFS(Leads!$Y$2:$Y$1000,">="&$A7,Leads!$Y$2:$Y$1000,"<"&$A7+7) | H7: =COUNTIFS(Leads!$AB$2:$AB$1000,">="&$A7,Leads!$AB$2:$AB$1000,"<"&$A7+7) | I7: =SUMIFS(Leads!$AC$2:$AC$1000,Leads!$AB$2:$AB$1000,">="&$A7,Leads!$AB$2:$AB$1000,"<"&$A7+7) | J7: =COUNTIFS(Leads!$U$2:$U$1000,">="&$A7,Leads!$U$2:$U$1000,"<"&$A7+7,Leads!$V$2:$V$1000,"Unsubscribe")+COUNTIFS(Leads!$U$2:$U$1000,">="&$A7,Leads!$U$2:$U$1000,"<"&$A7+7,Leads!$V$2:$V$1000,"Bounced")
A8: 46370 | B8: =COUNTIFS(Leads!$P$2:$P$1000,">="&$A8,Leads!$P$2:$P$1000,"<"&$A8+7) | C8: =COUNTIFS(Leads!$U$2:$U$1000,">="&$A8,Leads!$U$2:$U$1000,"<"&$A8+7) | D8: =COUNTIFS(Leads!$U$2:$U$1000,">="&$A8,Leads!$U$2:$U$1000,"<"&$A8+7,Leads!$V$2:$V$1000,"Interested") | E8: =COUNTIFS(Leads!$W$2:$W$1000,">="&$A8,Leads!$W$2:$W$1000,"<"&$A8+7) | F8: =COUNTIFS(Leads!$X$2:$X$1000,">="&$A8,Leads!$X$2:$X$1000,"<"&$A8+7) | G8: =COUNTIFS(Leads!$Y$2:$Y$1000,">="&$A8,Leads!$Y$2:$Y$1000,"<"&$A8+7) | H8: =COUNTIFS(Leads!$AB$2:$AB$1000,">="&$A8,Leads!$AB$2:$AB$1000,"<"&$A8+7) | I8: =SUMIFS(Leads!$AC$2:$AC$1000,Leads!$AB$2:$AB$1000,">="&$A8,Leads!$AB$2:$AB$1000,"<"&$A8+7) | J8: =COUNTIFS(Leads!$U$2:$U$1000,">="&$A8,Leads!$U$2:$U$1000,"<"&$A8+7,Leads!$V$2:$V$1000,"Unsubscribe")+COUNTIFS(Leads!$U$2:$U$1000,">="&$A8,Leads!$U$2:$U$1000,"<"&$A8+7,Leads!$V$2:$V$1000,"Bounced")
A9: 46377 | B9: =COUNTIFS(Leads!$P$2:$P$1000,">="&$A9,Leads!$P$2:$P$1000,"<"&$A9+7) | C9: =COUNTIFS(Leads!$U$2:$U$1000,">="&$A9,Leads!$U$2:$U$1000,"<"&$A9+7) | D9: =COUNTIFS(Leads!$U$2:$U$1000,">="&$A9,Leads!$U$2:$U$1000,"<"&$A9+7,Leads!$V$2:$V$1000,"Interested") | E9: =COUNTIFS(Leads!$W$2:$W$1000,">="&$A9,Leads!$W$2:$W$1000,"<"&$A9+7) | F9: =COUNTIFS(Leads!$X$2:$X$1000,">="&$A9,Leads!$X$2:$X$1000,"<"&$A9+7) | G9: =COUNTIFS(Leads!$Y$2:$Y$1000,">="&$A9,Leads!$Y$2:$Y$1000,"<"&$A9+7) | H9: =COUNTIFS(Leads!$AB$2:$AB$1000,">="&$A9,Leads!$AB$2:$AB$1000,"<"&$A9+7) | I9: =SUMIFS(Leads!$AC$2:$AC$1000,Leads!$AB$2:$AB$1000,">="&$A9,Leads!$AB$2:$AB$1000,"<"&$A9+7) | J9: =COUNTIFS(Leads!$U$2:$U$1000,">="&$A9,Leads!$U$2:$U$1000,"<"&$A9+7,Leads!$V$2:$V$1000,"Unsubscribe")+COUNTIFS(Leads!$U$2:$U$1000,">="&$A9,Leads!$U$2:$U$1000,"<"&$A9+7,Leads!$V$2:$V$1000,"Bounced")
A10: 46384 | B10: =COUNTIFS(Leads!$P$2:$P$1000,">="&$A10,Leads!$P$2:$P$1000,"<"&$A10+7) | C10: =COUNTIFS(Leads!$U$2:$U$1000,">="&$A10,Leads!$U$2:$U$1000,"<"&$A10+7) | D10: =COUNTIFS(Leads!$U$2:$U$1000,">="&$A10,Leads!$U$2:$U$1000,"<"&$A10+7,Leads!$V$2:$V$1000,"Interested") | E10: =COUNTIFS(Leads!$W$2:$W$1000,">="&$A10,Leads!$W$2:$W$1000,"<"&$A10+7) | F10: =COUNTIFS(Leads!$X$2:$X$1000,">="&$A10,Leads!$X$2:$X$1000,"<"&$A10+7) | G10: =COUNTIFS(Leads!$Y$2:$Y$1000,">="&$A10,Leads!$Y$2:$Y$1000,"<"&$A10+7) | H10: =COUNTIFS(Leads!$AB$2:$AB$1000,">="&$A10,Leads!$AB$2:$AB$1000,"<"&$A10+7) | I10: =SUMIFS(Leads!$AC$2:$AC$1000,Leads!$AB$2:$AB$1000,">="&$A10,Leads!$AB$2:$AB$1000,"<"&$A10+7) | J10: =COUNTIFS(Leads!$U$2:$U$1000,">="&$A10,Leads!$U$2:$U$1000,"<"&$A10+7,Leads!$V$2:$V$1000,"Unsubscribe")+COUNTIFS(Leads!$U$2:$U$1000,">="&$A10,Leads!$U$2:$U$1000,"<"&$A10+7,Leads!$V$2:$V$1000,"Bounced")
A11: All time | B11: =COUNT(Leads!$P$2:$P$1000) | C11: =COUNT(Leads!$U$2:$U$1000) | D11: =COUNTIF(Leads!$V$2:$V$1000,"Interested") | E11: =COUNT(Leads!$W$2:$W$1000) | F11: =COUNT(Leads!$X$2:$X$1000) | G11: =COUNT(Leads!$Y$2:$Y$1000) | H11: =COUNT(Leads!$AB$2:$AB$1000) | I11: =SUM(Leads!$AC$2:$AC$1000) | J11: =COUNTIF(Leads!$V$2:$V$1000,"Unsubscribe")+COUNTIF(Leads!$V$2:$V$1000,"Bounced")
A13: Goals by 31 December 2026
B14: So far | C14: Goal
A15: Playbooks sent (also count website signups in Notes) | B15: =E11 | C15: 100
A16: Paying customers | B16: =H11 | C16: 10
A18: Which first email works better
B19: Sent | C19: Interested | D19: Interested out of 100 sent
A20: A check | B20: =COUNTIFS(Leads!$N$2:$N$1000,"A check",Leads!$P$2:$P$1000,"<>") | C20: =COUNTIFS(Leads!$N$2:$N$1000,"A check",Leads!$V$2:$V$1000,"Interested") | D20: =IFERROR(ROUND(C20/B20*100,1),"")
A21: B playbook | B21: =COUNTIFS(Leads!$N$2:$N$1000,"B playbook",Leads!$P$2:$P$1000,"<>") | C21: =COUNTIFS(Leads!$N$2:$N$1000,"B playbook",Leads!$V$2:$V$1000,"Interested") | D21: =IFERROR(ROUND(C21/B21*100,1),"")
